module_id	check	detail
DBD_HO_CCDC169-SOHLH2	dbd_no_identifier	DBD entry has neither jaspar_id nor uniprot_id
DBD_HO_ZNF286A-TBC1D26	dbd_no_identifier	DBD entry has neither jaspar_id nor uniprot_id
DBD_HO_ZFP91-CNTF	dbd_no_identifier	DBD entry has neither jaspar_id nor uniprot_id
DBD_HO_ZNF559-ZNF177	dbd_no_identifier	DBD entry has neither jaspar_id nor uniprot_id
DBD_HO_BORCS8-MEF2B	dbd_no_identifier	DBD entry has neither jaspar_id nor uniprot_id
DBD_HO_ZKSCAN8P1	dbd_no_identifier	DBD entry has neither jaspar_id nor uniprot_id
DBD_HO_ATF7-NPFF	dbd_no_identifier	DBD entry has neither jaspar_id nor uniprot_id
DBD_MU_GM14391	dbd_no_identifier	DBD entry has neither jaspar_id nor uniprot_id
DBD_MU_ZFP981	dbd_no_identifier	DBD entry has neither jaspar_id nor uniprot_id
DBD_MU_GM5141	dbd_no_identifier	DBD entry has neither jaspar_id nor uniprot_id
DBD_MU_RHOX3H	dbd_no_identifier	DBD entry has neither jaspar_id nor uniprot_id
DBD_MU_ZFP619	dbd_no_identifier	DBD entry has neither jaspar_id nor uniprot_id
DBD_MU_GM17067	dbd_no_identifier	DBD entry has neither jaspar_id nor uniprot_id
DBD_MU_GM14124	dbd_no_identifier	DBD entry has neither jaspar_id nor uniprot_id
DBD_MU_ZFP729A	dbd_no_identifier	DBD entry has neither jaspar_id nor uniprot_id
DBD_MU_ZFP871	dbd_no_identifier	DBD entry has neither jaspar_id nor uniprot_id
DBD_MU_RHOX3E	dbd_no_identifier	DBD entry has neither jaspar_id nor uniprot_id
DBD_MU_ZBTB16	dbd_no_identifier	DBD entry has neither jaspar_id nor uniprot_id
DBD_MU_ZBTB21	dbd_no_identifier	DBD entry has neither jaspar_id nor uniprot_id
DBD_MU_RHOX2D	dbd_no_identifier	DBD entry has neither jaspar_id nor uniprot_id
DBD_MU_GM9048	dbd_no_identifier	DBD entry has neither jaspar_id nor uniprot_id
DBD_MU_ZFP997	dbd_no_identifier	DBD entry has neither jaspar_id nor uniprot_id
DBD_MU_ZFP874B	dbd_no_identifier	DBD entry has neither jaspar_id nor uniprot_id
DBD_MU_B020011L13RIK	dbd_no_identifier	DBD entry has neither jaspar_id nor uniprot_id
DBD_MU_ZBTB40	dbd_no_identifier	DBD entry has neither jaspar_id nor uniprot_id
DBD_MU_GM14444	dbd_no_identifier	DBD entry has neither jaspar_id nor uniprot_id
DBD_MU_ESX1	dbd_no_identifier	DBD entry has neither jaspar_id nor uniprot_id
DBD_MU_ZFP160	dbd_no_identifier	DBD entry has neither jaspar_id nor uniprot_id
DBD_MU_AW146154	dbd_no_identifier	DBD entry has neither jaspar_id nor uniprot_id
DBD_MU_ZFP84	dbd_no_identifier	DBD entry has neither jaspar_id nor uniprot_id
DBD_MU_ZFP949	dbd_no_identifier	DBD entry has neither jaspar_id nor uniprot_id
DBD_MU_ZFP174	dbd_no_identifier	DBD entry has neither jaspar_id nor uniprot_id
DBD_MU_ZFP970	dbd_no_identifier	DBD entry has neither jaspar_id nor uniprot_id
DBD_MU_NKX6-2	dbd_no_identifier	DBD entry has neither jaspar_id nor uniprot_id
DBD_MU_GM2381	dbd_no_identifier	DBD entry has neither jaspar_id nor uniprot_id
DBD_MU_ZFP119B	dbd_no_identifier	DBD entry has neither jaspar_id nor uniprot_id
DBD_MU_RHOX1	dbd_no_identifier	DBD entry has neither jaspar_id nor uniprot_id
DBD_MU_ZFP989	dbd_no_identifier	DBD entry has neither jaspar_id nor uniprot_id
DBD_MU_ERFL	dbd_no_identifier	DBD entry has neither jaspar_id nor uniprot_id
DBD_MU_GM4125	dbd_no_identifier	DBD entry has neither jaspar_id nor uniprot_id
DBD_MU_ZFP457	dbd_no_identifier	DBD entry has neither jaspar_id nor uniprot_id
DBD_MU_ZFP791	dbd_no_identifier	DBD entry has neither jaspar_id nor uniprot_id
DBD_MU_ZFP943	dbd_no_identifier	DBD entry has neither jaspar_id nor uniprot_id
DBD_MU_ZFP873	dbd_no_identifier	DBD entry has neither jaspar_id nor uniprot_id
DBD_MU_ZFP976	dbd_no_identifier	DBD entry has neither jaspar_id nor uniprot_id
DBD_MU_ZFP982	dbd_no_identifier	DBD entry has neither jaspar_id nor uniprot_id
DBD_MU_ZFP282	dbd_no_identifier	DBD entry has neither jaspar_id nor uniprot_id
DBD_MU_HMGA1B	dbd_no_identifier	DBD entry has neither jaspar_id nor uniprot_id
DBD_MU_ZFP9	dbd_no_identifier	DBD entry has neither jaspar_id nor uniprot_id
DBD_MU_ZFP68	dbd_no_identifier	DBD entry has neither jaspar_id nor uniprot_id
DBD_MU_ZFP455	dbd_no_identifier	DBD entry has neither jaspar_id nor uniprot_id
DBD_MU_ZFP986	dbd_no_identifier	DBD entry has neither jaspar_id nor uniprot_id
DBD_MU_ZBTB25	dbd_no_identifier	DBD entry has neither jaspar_id nor uniprot_id
DBD_MU_GM11007	dbd_no_identifier	DBD entry has neither jaspar_id nor uniprot_id
DBD_MU_4932411N23RIK	dbd_no_identifier	DBD entry has neither jaspar_id nor uniprot_id
DBD_MU_FOXN2	dbd_no_identifier	DBD entry has neither jaspar_id nor uniprot_id
DBD_MU_ZFP995	dbd_no_identifier	DBD entry has neither jaspar_id nor uniprot_id
DBD_MU_ZFP977	dbd_no_identifier	DBD entry has neither jaspar_id nor uniprot_id
DBD_MU_ZFP40	dbd_no_identifier	DBD entry has neither jaspar_id nor uniprot_id
DBD_MU_GM14443	dbd_no_identifier	DBD entry has neither jaspar_id nor uniprot_id
DBD_MU_ZFP954	dbd_no_identifier	DBD entry has neither jaspar_id nor uniprot_id
DBD_MU_ZFP719	dbd_no_identifier	DBD entry has neither jaspar_id nor uniprot_id
DBD_MU_RHOX10	dbd_no_identifier	DBD entry has neither jaspar_id nor uniprot_id
DBD_MU_GM17655	dbd_no_identifier	DBD entry has neither jaspar_id nor uniprot_id
DBD_MU_ZFP748	dbd_no_identifier	DBD entry has neither jaspar_id nor uniprot_id
DBD_MU_ZFP534	dbd_no_identifier	DBD entry has neither jaspar_id nor uniprot_id
DBD_MU_ZFP78	dbd_no_identifier	DBD entry has neither jaspar_id nor uniprot_id
DBD_MU_GM14434	dbd_no_identifier	DBD entry has neither jaspar_id nor uniprot_id
DBD_MU_ETV3L	dbd_no_identifier	DBD entry has neither jaspar_id nor uniprot_id
DBD_MU_2610044O15RIK8	dbd_no_identifier	DBD entry has neither jaspar_id nor uniprot_id
DBD_MU_ZFP626	dbd_no_identifier	DBD entry has neither jaspar_id nor uniprot_id
DBD_MU_NR1H5	dbd_no_identifier	DBD entry has neither jaspar_id nor uniprot_id
DBD_MU_RHOX2E	dbd_no_identifier	DBD entry has neither jaspar_id nor uniprot_id
DBD_MU_ZFP384	dbd_no_identifier	DBD entry has neither jaspar_id nor uniprot_id
DBD_MU_ZFP868	dbd_no_identifier	DBD entry has neither jaspar_id nor uniprot_id
DBD_MU_ZFP780B	dbd_no_identifier	DBD entry has neither jaspar_id nor uniprot_id
DBD_MU_REX2	dbd_no_identifier	DBD entry has neither jaspar_id nor uniprot_id
DBD_MU_ZSCAN4-PS3	dbd_no_identifier	DBD entry has neither jaspar_id nor uniprot_id
DBD_MU_ZFP992	dbd_no_identifier	DBD entry has neither jaspar_id nor uniprot_id
DBD_MU_RHOX4A2	dbd_no_identifier	DBD entry has neither jaspar_id nor uniprot_id
DBD_MU_RHOX4A	dbd_no_identifier	DBD entry has neither jaspar_id nor uniprot_id
DBD_MU_GM9376	dbd_no_identifier	DBD entry has neither jaspar_id nor uniprot_id
DBD_MU_9130019O22RIK	dbd_no_identifier	DBD entry has neither jaspar_id nor uniprot_id
DBD_MU_GM44973	dbd_no_identifier	DBD entry has neither jaspar_id nor uniprot_id
DBD_MU_ZFP113	dbd_no_identifier	DBD entry has neither jaspar_id nor uniprot_id
DBD_MU_ZFP979	dbd_no_identifier	DBD entry has neither jaspar_id nor uniprot_id
DBD_MU_ZFP831	dbd_no_identifier	DBD entry has neither jaspar_id nor uniprot_id
DBD_MU_RHOX7B	dbd_no_identifier	DBD entry has neither jaspar_id nor uniprot_id
DBD_MU_RSL1	dbd_no_identifier	DBD entry has neither jaspar_id nor uniprot_id
DBD_MU_GM32687	dbd_no_identifier	DBD entry has neither jaspar_id nor uniprot_id
DBD_MU_ZFP709	dbd_no_identifier	DBD entry has neither jaspar_id nor uniprot_id
DBD_MU_ZFP352	dbd_no_identifier	DBD entry has neither jaspar_id nor uniprot_id
DBD_MU_ZFP708	dbd_no_identifier	DBD entry has neither jaspar_id nor uniprot_id
DBD_MU_ZFP760	dbd_no_identifier	DBD entry has neither jaspar_id nor uniprot_id
DBD_MU_ZFP969	dbd_no_identifier	DBD entry has neither jaspar_id nor uniprot_id
DBD_MU_GM14296	dbd_no_identifier	DBD entry has neither jaspar_id nor uniprot_id
DBD_MU_ZFP408	dbd_no_identifier	DBD entry has neither jaspar_id nor uniprot_id
DBD_MU_GM32717	dbd_no_identifier	DBD entry has neither jaspar_id nor uniprot_id
DBD_MU_ZFP715	dbd_no_identifier	DBD entry has neither jaspar_id nor uniprot_id
DBD_MU_ZFP7	dbd_no_identifier	DBD entry has neither jaspar_id nor uniprot_id
DBD_MU_ZFP850	dbd_no_identifier	DBD entry has neither jaspar_id nor uniprot_id
DBD_MU_ZFP442	dbd_no_identifier	DBD entry has neither jaspar_id nor uniprot_id
DBD_MU_ZFP449	dbd_no_identifier	DBD entry has neither jaspar_id nor uniprot_id
DBD_MU_ZFP931	dbd_no_identifier	DBD entry has neither jaspar_id nor uniprot_id
DBD_MU_ZFP990	dbd_no_identifier	DBD entry has neither jaspar_id nor uniprot_id
DBD_MU_GM9040	dbd_no_identifier	DBD entry has neither jaspar_id nor uniprot_id
DBD_MU_ZIM1	dbd_no_identifier	DBD entry has neither jaspar_id nor uniprot_id
DBD_MU_ZKSCAN4	dbd_no_identifier	DBD entry has neither jaspar_id nor uniprot_id
DBD_MU_ZFP846	dbd_no_identifier	DBD entry has neither jaspar_id nor uniprot_id
DBD_MU_ZFP560	dbd_no_identifier	DBD entry has neither jaspar_id nor uniprot_id
DBD_MU_ZFP266	dbd_no_identifier	DBD entry has neither jaspar_id nor uniprot_id
DBD_MU_RHOX2G	dbd_no_identifier	DBD entry has neither jaspar_id nor uniprot_id
DBD_MU_GM14419	dbd_no_identifier	DBD entry has neither jaspar_id nor uniprot_id
DBD_MU_ZFP433	dbd_no_identifier	DBD entry has neither jaspar_id nor uniprot_id
DBD_MU_GM9044	dbd_no_identifier	DBD entry has neither jaspar_id nor uniprot_id
DBD_MU_ZFP51	dbd_no_identifier	DBD entry has neither jaspar_id nor uniprot_id
DBD_MU_ZFP938	dbd_no_identifier	DBD entry has neither jaspar_id nor uniprot_id
DBD_MU_GM10033	dbd_no_identifier	DBD entry has neither jaspar_id nor uniprot_id
DBD_MU_ZFP973	dbd_no_identifier	DBD entry has neither jaspar_id nor uniprot_id
DBD_MU_ZFP759	dbd_no_identifier	DBD entry has neither jaspar_id nor uniprot_id
DBD_MU_GM9046	dbd_no_identifier	DBD entry has neither jaspar_id nor uniprot_id
DBD_MU_ZFP942	dbd_no_identifier	DBD entry has neither jaspar_id nor uniprot_id
DBD_MU_ZFP169	dbd_no_identifier	DBD entry has neither jaspar_id nor uniprot_id
DBD_MU_ZFP648	dbd_no_identifier	DBD entry has neither jaspar_id nor uniprot_id
DBD_MU_ZFP853	dbd_no_identifier	DBD entry has neither jaspar_id nor uniprot_id
DBD_MU_GM3854	dbd_no_identifier	DBD entry has neither jaspar_id nor uniprot_id
DBD_MU_GM11009	dbd_no_identifier	DBD entry has neither jaspar_id nor uniprot_id
DBD_MU_ZBTB38	dbd_no_identifier	DBD entry has neither jaspar_id nor uniprot_id
DBD_MU_ZFP958	dbd_no_identifier	DBD entry has neither jaspar_id nor uniprot_id
DBD_MU_GM7072	dbd_no_identifier	DBD entry has neither jaspar_id nor uniprot_id
DBD_MU_ZBTB10	dbd_no_identifier	DBD entry has neither jaspar_id nor uniprot_id
DBD_MU_ZFP595	dbd_no_identifier	DBD entry has neither jaspar_id nor uniprot_id
DBD_MU_GM28557	dbd_no_identifier	DBD entry has neither jaspar_id nor uniprot_id
DBD_MU_ZFP317	dbd_no_identifier	DBD entry has neither jaspar_id nor uniprot_id
DBD_MU_ZFP971	dbd_no_identifier	DBD entry has neither jaspar_id nor uniprot_id
DBD_MU_VEZF1	dbd_no_identifier	DBD entry has neither jaspar_id nor uniprot_id
DBD_MU_D130040H23RIK	dbd_no_identifier	DBD entry has neither jaspar_id nor uniprot_id
DBD_MU_GM6871	dbd_no_identifier	DBD entry has neither jaspar_id nor uniprot_id
DBD_MU_GM14401	dbd_no_identifier	DBD entry has neither jaspar_id nor uniprot_id
DBD_MU_ZFP947	dbd_no_identifier	DBD entry has neither jaspar_id nor uniprot_id
DBD_MU_ZFP936	dbd_no_identifier	DBD entry has neither jaspar_id nor uniprot_id
DBD_MU_GM35315	dbd_no_identifier	DBD entry has neither jaspar_id nor uniprot_id
DBD_MU_ZFP974	dbd_no_identifier	DBD entry has neither jaspar_id nor uniprot_id
DBD_MU_ZFP97	dbd_no_identifier	DBD entry has neither jaspar_id nor uniprot_id
DBD_MU_ZFP472	dbd_no_identifier	DBD entry has neither jaspar_id nor uniprot_id
DBD_MU_GM21915	dbd_no_identifier	DBD entry has neither jaspar_id nor uniprot_id
DBD_MU_HSFY2	dbd_no_identifier	DBD entry has neither jaspar_id nor uniprot_id
DBD_MU_GM3055	dbd_no_identifier	DBD entry has neither jaspar_id nor uniprot_id
DBD_MU_GM15446	dbd_no_identifier	DBD entry has neither jaspar_id nor uniprot_id
DBD_MU_GM20422	dbd_no_identifier	DBD entry has neither jaspar_id nor uniprot_id
DBD_MU_RHOX3A	dbd_no_identifier	DBD entry has neither jaspar_id nor uniprot_id
DBD_MU_DBX2	dbd_no_identifier	DBD entry has neither jaspar_id nor uniprot_id
DBD_MU_ZBTB26	dbd_no_identifier	DBD entry has neither jaspar_id nor uniprot_id
DBD_MU_ZFP444	dbd_no_identifier	DBD entry has neither jaspar_id nor uniprot_id
DBD_MU_ZFP810	dbd_no_identifier	DBD entry has neither jaspar_id nor uniprot_id
DBD_MU_ZFP773	dbd_no_identifier	DBD entry has neither jaspar_id nor uniprot_id
DBD_MU_ZFP729B	dbd_no_identifier	DBD entry has neither jaspar_id nor uniprot_id
DBD_MU_ZFP429	dbd_no_identifier	DBD entry has neither jaspar_id nor uniprot_id
DBD_MU_2610021A01RIK	dbd_no_identifier	DBD entry has neither jaspar_id nor uniprot_id
DBD_MU_ZFP968	dbd_no_identifier	DBD entry has neither jaspar_id nor uniprot_id
DBD_MU_ZFP993	dbd_no_identifier	DBD entry has neither jaspar_id nor uniprot_id
DBD_MU_ZFP597	dbd_no_identifier	DBD entry has neither jaspar_id nor uniprot_id
DBD_MU_GM29106	dbd_no_identifier	DBD entry has neither jaspar_id nor uniprot_id
DBD_MU_ZFP945	dbd_no_identifier	DBD entry has neither jaspar_id nor uniprot_id
DBD_MU_ZBTB34	dbd_no_identifier	DBD entry has neither jaspar_id nor uniprot_id
DBD_MU_PLATR25	dbd_no_identifier	DBD entry has neither jaspar_id nor uniprot_id
DBD_MU_GM2007	dbd_no_identifier	DBD entry has neither jaspar_id nor uniprot_id
DBD_MU_ZFP286	dbd_no_identifier	DBD entry has neither jaspar_id nor uniprot_id
DBD_MU_TADA2B	dbd_no_identifier	DBD entry has neither jaspar_id nor uniprot_id
DBD_MU_ZFP275	dbd_no_identifier	DBD entry has neither jaspar_id nor uniprot_id
DBD_MU_GM28360	dbd_no_identifier	DBD entry has neither jaspar_id nor uniprot_id
DBD_MU_ZFP341	dbd_no_identifier	DBD entry has neither jaspar_id nor uniprot_id
DBD_MU_USF3	dbd_no_identifier	DBD entry has neither jaspar_id nor uniprot_id
DBD_MU_GM10770	dbd_no_identifier	DBD entry has neither jaspar_id nor uniprot_id
DBD_MU_ZFP362	dbd_no_identifier	DBD entry has neither jaspar_id nor uniprot_id
DBD_MU_GM5767	dbd_no_identifier	DBD entry has neither jaspar_id nor uniprot_id
DBD_MU_GM14410	dbd_no_identifier	DBD entry has neither jaspar_id nor uniprot_id
DBD_MU_TGIF2LX1	dbd_no_identifier	DBD entry has neither jaspar_id nor uniprot_id
DBD_MU_GM14403	dbd_no_identifier	DBD entry has neither jaspar_id nor uniprot_id
DBD_MU_ZFP273	dbd_no_identifier	DBD entry has neither jaspar_id nor uniprot_id
DBD_MU_ZFP334	dbd_no_identifier	DBD entry has neither jaspar_id nor uniprot_id
DBD_MU_ZFP119A	dbd_no_identifier	DBD entry has neither jaspar_id nor uniprot_id
DBD_MU_TFAP4	dbd_no_identifier	DBD entry has neither jaspar_id nor uniprot_id
DBD_MU_2010315B03RIK	dbd_no_identifier	DBD entry has neither jaspar_id nor uniprot_id
DBD_MU_ZSCAN22	dbd_no_identifier	DBD entry has neither jaspar_id nor uniprot_id
DBD_MU_RHOX7A	dbd_no_identifier	DBD entry has neither jaspar_id nor uniprot_id
DBD_MU_FOXL3	dbd_no_identifier	DBD entry has neither jaspar_id nor uniprot_id
DBD_MU_RHOX2F	dbd_no_identifier	DBD entry has neither jaspar_id nor uniprot_id
DBD_MU_2810021J22RIK	dbd_no_identifier	DBD entry has neither jaspar_id nor uniprot_id
DBD_MU_ZFP946	dbd_no_identifier	DBD entry has neither jaspar_id nor uniprot_id
DBD_MU_RHOX9	dbd_no_identifier	DBD entry has neither jaspar_id nor uniprot_id
DBD_MU_GM9045	dbd_no_identifier	DBD entry has neither jaspar_id nor uniprot_id
DBD_MU_2610008E11RIK	dbd_no_identifier	DBD entry has neither jaspar_id nor uniprot_id
DBD_MU_ZFP607B	dbd_no_identifier	DBD entry has neither jaspar_id nor uniprot_id
DBD_MU_RHOX4B	dbd_no_identifier	DBD entry has neither jaspar_id nor uniprot_id
DBD_MU_ZFP825	dbd_no_identifier	DBD entry has neither jaspar_id nor uniprot_id
DBD_MU_ZFP52	dbd_no_identifier	DBD entry has neither jaspar_id nor uniprot_id
DBD_MU_4930522L14RIK	dbd_no_identifier	DBD entry has neither jaspar_id nor uniprot_id
DBD_MU_ZFP953	dbd_no_identifier	DBD entry has neither jaspar_id nor uniprot_id
DBD_MU_ZFP948	dbd_no_identifier	DBD entry has neither jaspar_id nor uniprot_id
DBD_MU_GM21836	dbd_no_identifier	DBD entry has neither jaspar_id nor uniprot_id
DBD_MU_ZFP811	dbd_no_identifier	DBD entry has neither jaspar_id nor uniprot_id
DBD_MU_AI854703	dbd_no_identifier	DBD entry has neither jaspar_id nor uniprot_id
DBD_MU_ZFP870	dbd_no_identifier	DBD entry has neither jaspar_id nor uniprot_id
DBD_MU_ZFP459	dbd_no_identifier	DBD entry has neither jaspar_id nor uniprot_id
DBD_MU_RHOX2B	dbd_no_identifier	DBD entry has neither jaspar_id nor uniprot_id
DBD_MU_AU041133	dbd_no_identifier	DBD entry has neither jaspar_id nor uniprot_id
DBD_MU_ZSCAN25	dbd_no_identifier	DBD entry has neither jaspar_id nor uniprot_id
DBD_MU_HMGXB4	dbd_no_identifier	DBD entry has neither jaspar_id nor uniprot_id
DBD_MU_GM9049	dbd_no_identifier	DBD entry has neither jaspar_id nor uniprot_id
DBD_MU_ZFP141	dbd_no_identifier	DBD entry has neither jaspar_id nor uniprot_id
DBD_MU_ZFP872	dbd_no_identifier	DBD entry has neither jaspar_id nor uniprot_id
DBD_MU_ZFP300	dbd_no_identifier	DBD entry has neither jaspar_id nor uniprot_id
DBD_MU_ZFP663	dbd_no_identifier	DBD entry has neither jaspar_id nor uniprot_id
DBD_MU_5730507C01RIK	dbd_no_identifier	DBD entry has neither jaspar_id nor uniprot_id
DBD_MU_ZFP777	dbd_no_identifier	DBD entry has neither jaspar_id nor uniprot_id
DBD_MU_ZFP109	dbd_no_identifier	DBD entry has neither jaspar_id nor uniprot_id
DBD_MU_ZFP966	dbd_no_identifier	DBD entry has neither jaspar_id nor uniprot_id
DBD_MU_GM10130	dbd_no_identifier	DBD entry has neither jaspar_id nor uniprot_id
DBD_MU_GM4981	dbd_no_identifier	DBD entry has neither jaspar_id nor uniprot_id
DBD_MU_ZFP612	dbd_no_identifier	DBD entry has neither jaspar_id nor uniprot_id
DBD_MU_RHOX6	dbd_no_identifier	DBD entry has neither jaspar_id nor uniprot_id
DBD_MU_HMGXB3	dbd_no_identifier	DBD entry has neither jaspar_id nor uniprot_id
DBD_MU_A630089N07RIK	dbd_no_identifier	DBD entry has neither jaspar_id nor uniprot_id
DBD_MU_ZFP81	dbd_no_identifier	DBD entry has neither jaspar_id nor uniprot_id
DBD_MU_ZFP959	dbd_no_identifier	DBD entry has neither jaspar_id nor uniprot_id
DBD_MU_GM2026	dbd_no_identifier	DBD entry has neither jaspar_id nor uniprot_id
DBD_MU_RHOX12	dbd_no_identifier	DBD entry has neither jaspar_id nor uniprot_id
DBD_MU_ZFP867	dbd_no_identifier	DBD entry has neither jaspar_id nor uniprot_id
DBD_MU_ZFP763	dbd_no_identifier	DBD entry has neither jaspar_id nor uniprot_id
DBD_MU_RHOX4F	dbd_no_identifier	DBD entry has neither jaspar_id nor uniprot_id
DBD_MU_ZFP738	dbd_no_identifier	DBD entry has neither jaspar_id nor uniprot_id
DBD_MU_ZFP599	dbd_no_identifier	DBD entry has neither jaspar_id nor uniprot_id
DBD_MU_ZKSCAN2	dbd_no_identifier	DBD entry has neither jaspar_id nor uniprot_id
DBD_MU_MZF1	dbd_no_identifier	DBD entry has neither jaspar_id nor uniprot_id
DBD_MU_ZFP808	dbd_no_identifier	DBD entry has neither jaspar_id nor uniprot_id
DBD_MU_GM10226	dbd_no_identifier	DBD entry has neither jaspar_id nor uniprot_id
DBD_MU_ZFP398	dbd_no_identifier	DBD entry has neither jaspar_id nor uniprot_id
DBD_MU_ZFP454	dbd_no_identifier	DBD entry has neither jaspar_id nor uniprot_id
DBD_MU_ZFP268	dbd_no_identifier	DBD entry has neither jaspar_id nor uniprot_id
DBD_MU_ZFP180	dbd_no_identifier	DBD entry has neither jaspar_id nor uniprot_id
DBD_MU_ZSCAN4-PS1	dbd_no_identifier	DBD entry has neither jaspar_id nor uniprot_id
DBD_MU_ZFP747	dbd_no_identifier	DBD entry has neither jaspar_id nor uniprot_id
DBD_MU_ZFP963	dbd_no_identifier	DBD entry has neither jaspar_id nor uniprot_id
DBD_MU_GM14322	dbd_no_identifier	DBD entry has neither jaspar_id nor uniprot_id
DBD_MU_ZFP978	dbd_no_identifier	DBD entry has neither jaspar_id nor uniprot_id
DBD_MU_ZFP820	dbd_no_identifier	DBD entry has neither jaspar_id nor uniprot_id
DBD_MU_ZFP616	dbd_no_identifier	DBD entry has neither jaspar_id nor uniprot_id
DBD_MU_GM10772	dbd_no_identifier	DBD entry has neither jaspar_id nor uniprot_id
DBD_MU_GM12845	dbd_no_identifier	DBD entry has neither jaspar_id nor uniprot_id
DBD_MU_GM14412	dbd_no_identifier	DBD entry has neither jaspar_id nor uniprot_id
DBD_MU_GM7145	dbd_no_identifier	DBD entry has neither jaspar_id nor uniprot_id
DBD_MU_ZFP248	dbd_no_identifier	DBD entry has neither jaspar_id nor uniprot_id
DBD_MU_ZFP933	dbd_no_identifier	DBD entry has neither jaspar_id nor uniprot_id
DBD_MU_ZFP324	dbd_no_identifier	DBD entry has neither jaspar_id nor uniprot_id
DBD_MU_ZFP869	dbd_no_identifier	DBD entry has neither jaspar_id nor uniprot_id
DBD_MU_RHOX4G	dbd_no_identifier	DBD entry has neither jaspar_id nor uniprot_id
DBD_MU_ZFP935	dbd_no_identifier	DBD entry has neither jaspar_id nor uniprot_id
DBD_MU_9130023H24RIK	dbd_no_identifier	DBD entry has neither jaspar_id nor uniprot_id
DBD_MU_ZFP998	dbd_no_identifier	DBD entry has neither jaspar_id nor uniprot_id
DBD_MU_ZFP975	dbd_no_identifier	DBD entry has neither jaspar_id nor uniprot_id
DBD_MU_RHOX4C	dbd_no_identifier	DBD entry has neither jaspar_id nor uniprot_id
DBD_MU_ZFP114	dbd_no_identifier	DBD entry has neither jaspar_id nor uniprot_id
DBD_MU_AI987944	dbd_no_identifier	DBD entry has neither jaspar_id nor uniprot_id
DBD_MU_GM14418	dbd_no_identifier	DBD entry has neither jaspar_id nor uniprot_id
DBD_MU_GM14409	dbd_no_identifier	DBD entry has neither jaspar_id nor uniprot_id
DBD_MU_ZFP493	dbd_no_identifier	DBD entry has neither jaspar_id nor uniprot_id
DBD_MU_ZFP980	dbd_no_identifier	DBD entry has neither jaspar_id nor uniprot_id
DBD_MU_PLAGL2	dbd_no_identifier	DBD entry has neither jaspar_id nor uniprot_id
DBD_MU_ZFP955A	dbd_no_identifier	DBD entry has neither jaspar_id nor uniprot_id
DBD_MU_GM21994	dbd_no_identifier	DBD entry has neither jaspar_id nor uniprot_id
DBD_MU_ZFP707	dbd_no_identifier	DBD entry has neither jaspar_id nor uniprot_id
DBD_MU_ZFP790	dbd_no_identifier	DBD entry has neither jaspar_id nor uniprot_id
DBD_MU_ZFP874A	dbd_no_identifier	DBD entry has neither jaspar_id nor uniprot_id
DBD_MU_ZFP563	dbd_no_identifier	DBD entry has neither jaspar_id nor uniprot_id
DBD_MU_RHOX2C	dbd_no_identifier	DBD entry has neither jaspar_id nor uniprot_id
DBD_MU_PRDM2	dbd_no_identifier	DBD entry has neither jaspar_id nor uniprot_id
DBD_MU_ZFP688	dbd_no_identifier	DBD entry has neither jaspar_id nor uniprot_id
DBD_MU_RHOX3G	dbd_no_identifier	DBD entry has neither jaspar_id nor uniprot_id
DBD_MU_ZFP964	dbd_no_identifier	DBD entry has neither jaspar_id nor uniprot_id
DBD_MU_ZFP267	dbd_no_identifier	DBD entry has neither jaspar_id nor uniprot_id
DBD_MU_ZFP606	dbd_no_identifier	DBD entry has neither jaspar_id nor uniprot_id
DBD_MU_ZBTB39	dbd_no_identifier	DBD entry has neither jaspar_id nor uniprot_id
DBD_MU_GM14326	dbd_no_identifier	DBD entry has neither jaspar_id nor uniprot_id
DBD_MU_ZFP965	dbd_no_identifier	DBD entry has neither jaspar_id nor uniprot_id
DBD_MU_ZFP605	dbd_no_identifier	DBD entry has neither jaspar_id nor uniprot_id
DBD_MU_ZFP236	dbd_no_identifier	DBD entry has neither jaspar_id nor uniprot_id
DBD_MU_GM28047	dbd_no_identifier	DBD entry has neither jaspar_id nor uniprot_id
DBD_MU_ZSCAN29	dbd_no_identifier	DBD entry has neither jaspar_id nor uniprot_id
DBD_MU_GM12258	dbd_no_identifier	DBD entry has neither jaspar_id nor uniprot_id
DBD_MU_AW822073	dbd_no_identifier	DBD entry has neither jaspar_id nor uniprot_id
DBD_MU_ZFP438	dbd_no_identifier	DBD entry has neither jaspar_id nor uniprot_id
DBD_MU_ZFP202	dbd_no_identifier	DBD entry has neither jaspar_id nor uniprot_id
DBD_MU_RHOX4D	dbd_no_identifier	DBD entry has neither jaspar_id nor uniprot_id
DBD_MU_ZFP984	dbd_no_identifier	DBD entry has neither jaspar_id nor uniprot_id
DBD_MU_ZFP987	dbd_no_identifier	DBD entry has neither jaspar_id nor uniprot_id
DBD_MU_ZFP952	dbd_no_identifier	DBD entry has neither jaspar_id nor uniprot_id
DBD_MU_ZFP951	dbd_no_identifier	DBD entry has neither jaspar_id nor uniprot_id
DBD_MU_GM4924	dbd_no_identifier	DBD entry has neither jaspar_id nor uniprot_id
DBD_MU_ZFP651	dbd_no_identifier	DBD entry has neither jaspar_id nor uniprot_id
DBD_MU_GM45871	dbd_no_identifier	DBD entry has neither jaspar_id nor uniprot_id
DBD_MU_ZFP866	dbd_no_identifier	DBD entry has neither jaspar_id nor uniprot_id
DBD_MU_GM14295	dbd_no_identifier	DBD entry has neither jaspar_id nor uniprot_id
DBD_MU_TOX2	dbd_no_identifier	DBD entry has neither jaspar_id nor uniprot_id
DBD_MU_ZKSCAN8	dbd_no_identifier	DBD entry has neither jaspar_id nor uniprot_id
DBD_MU_RHOX2H	dbd_no_identifier	DBD entry has neither jaspar_id nor uniprot_id
DBD_MU_TCF24	dbd_no_identifier	DBD entry has neither jaspar_id nor uniprot_id
DBD_MU_SP140	dbd_no_identifier	DBD entry has neither jaspar_id nor uniprot_id
DBD_MU_GM14399	dbd_no_identifier	DBD entry has neither jaspar_id nor uniprot_id
DBD_MU_ZKSCAN16	dbd_no_identifier	DBD entry has neither jaspar_id nor uniprot_id
DBD_MU_ZFP105	dbd_no_identifier	DBD entry has neither jaspar_id nor uniprot_id
DBD_MU_GM4724	dbd_no_identifier	DBD entry has neither jaspar_id nor uniprot_id
DBD_MU_GM32802	dbd_no_identifier	DBD entry has neither jaspar_id nor uniprot_id
DBD_MU_ZFP882	dbd_no_identifier	DBD entry has neither jaspar_id nor uniprot_id
DBD_MU_GM14305	dbd_no_identifier	DBD entry has neither jaspar_id nor uniprot_id
DBD_MU_ZFP212	dbd_no_identifier	DBD entry has neither jaspar_id nor uniprot_id
DBD_MU_ZFP972	dbd_no_identifier	DBD entry has neither jaspar_id nor uniprot_id
DBD_MU_ZFP600	dbd_no_identifier	DBD entry has neither jaspar_id nor uniprot_id
DBD_MU_ZFP788	dbd_no_identifier	DBD entry has neither jaspar_id nor uniprot_id
DBD_MU_DUXF3	dbd_no_identifier	DBD entry has neither jaspar_id nor uniprot_id
DBD_MU_CPHX1	dbd_no_identifier	DBD entry has neither jaspar_id nor uniprot_id
DBD_MU_BC025920	dbd_no_identifier	DBD entry has neither jaspar_id nor uniprot_id
DBD_MU_ZBTB12	dbd_no_identifier	DBD entry has neither jaspar_id nor uniprot_id
DBD_MU_ZSCAN4E	dbd_no_identifier	DBD entry has neither jaspar_id nor uniprot_id
DBD_MU_RHOX3C	dbd_no_identifier	DBD entry has neither jaspar_id nor uniprot_id
DBD_MU_ZFP217	dbd_no_identifier	DBD entry has neither jaspar_id nor uniprot_id
DBD_MU_ZFP819	dbd_no_identifier	DBD entry has neither jaspar_id nor uniprot_id
DBD_MU_ZFP983	dbd_no_identifier	DBD entry has neither jaspar_id nor uniprot_id
DBD_MU_ZSCAN4B	dbd_no_identifier	DBD entry has neither jaspar_id nor uniprot_id
DBD_MU_ZFP420	dbd_no_identifier	DBD entry has neither jaspar_id nor uniprot_id
DBD_MU_ZFP988	dbd_no_identifier	DBD entry has neither jaspar_id nor uniprot_id
DBD_MU_ZFP87	dbd_no_identifier	DBD entry has neither jaspar_id nor uniprot_id
DBD_MU_ZFP358	dbd_no_identifier	DBD entry has neither jaspar_id nor uniprot_id
DBD_MU_ZFP566	dbd_no_identifier	DBD entry has neither jaspar_id nor uniprot_id
DBD_MU_ZFP157	dbd_no_identifier	DBD entry has neither jaspar_id nor uniprot_id
DBD_MU_ZFP941	dbd_no_identifier	DBD entry has neither jaspar_id nor uniprot_id
DBD_MU_RHOX3F	dbd_no_identifier	DBD entry has neither jaspar_id nor uniprot_id
DBD_MU_ZFP383	dbd_no_identifier	DBD entry has neither jaspar_id nor uniprot_id
DBD_MU_ZFP558	dbd_no_identifier	DBD entry has neither jaspar_id nor uniprot_id
DBD_MU_ASCL4	dbd_no_identifier	DBD entry has neither jaspar_id nor uniprot_id
DBD_MU_GM19965	dbd_no_identifier	DBD entry has neither jaspar_id nor uniprot_id
DBD_MU_ZFP111	dbd_no_identifier	DBD entry has neither jaspar_id nor uniprot_id
DBD_MU_GM10778	dbd_no_identifier	DBD entry has neither jaspar_id nor uniprot_id
DBD_MU_ZFP940	dbd_no_identifier	DBD entry has neither jaspar_id nor uniprot_id
DBD_MU_GM4767	dbd_no_identifier	DBD entry has neither jaspar_id nor uniprot_id
DBD_MU_ZFP446	dbd_no_identifier	DBD entry has neither jaspar_id nor uniprot_id
DBD_MU_GM14325	dbd_no_identifier	DBD entry has neither jaspar_id nor uniprot_id
DBD_MU_GM14408	dbd_no_identifier	DBD entry has neither jaspar_id nor uniprot_id
DBD_MU_RSLCAN18	dbd_no_identifier	DBD entry has neither jaspar_id nor uniprot_id
DBD_MU_TGIF2LX2	dbd_no_identifier	DBD entry has neither jaspar_id nor uniprot_id
DBD_MU_ZFP644	dbd_no_identifier	DBD entry has neither jaspar_id nor uniprot_id
DBD_MU_GM28363	dbd_no_identifier	DBD entry has neither jaspar_id nor uniprot_id
DBD_MU_ZFP53	dbd_no_identifier	DBD entry has neither jaspar_id nor uniprot_id
DBD_MU_ZFP764	dbd_no_identifier	DBD entry has neither jaspar_id nor uniprot_id
DBD_MU_ZFP955B	dbd_no_identifier	DBD entry has neither jaspar_id nor uniprot_id
DBD_MU_ZFP72	dbd_no_identifier	DBD entry has neither jaspar_id nor uniprot_id
DBD_MU_ZFP772	dbd_no_identifier	DBD entry has neither jaspar_id nor uniprot_id
DBD_MU_ZFP386	dbd_no_identifier	DBD entry has neither jaspar_id nor uniprot_id
DBD_MU_ZFP229	dbd_no_identifier	DBD entry has neither jaspar_id nor uniprot_id
DBD_MU_GM14393	dbd_no_identifier	DBD entry has neither jaspar_id nor uniprot_id
DBD_MU_ZFP934	dbd_no_identifier	DBD entry has neither jaspar_id nor uniprot_id
DBD_MU_ZFP397	dbd_no_identifier	DBD entry has neither jaspar_id nor uniprot_id
DBD_MU_ZFP994	dbd_no_identifier	DBD entry has neither jaspar_id nor uniprot_id
DBD_MU_GM14139	dbd_no_identifier	DBD entry has neither jaspar_id nor uniprot_id
DBD_MU_ZFP65	dbd_no_identifier	DBD entry has neither jaspar_id nor uniprot_id
DBD_MU_ZFP930	dbd_no_identifier	DBD entry has neither jaspar_id nor uniprot_id
DBD_MU_ZFP960	dbd_no_identifier	DBD entry has neither jaspar_id nor uniprot_id
DBD_MU_GM4631	dbd_no_identifier	DBD entry has neither jaspar_id nor uniprot_id
DBD_MU_BC024063	dbd_no_identifier	DBD entry has neither jaspar_id nor uniprot_id
DBD_MU_GM2004	dbd_no_identifier	DBD entry has neither jaspar_id nor uniprot_id
DBD_MU_5430403G16RIK	dbd_no_identifier	DBD entry has neither jaspar_id nor uniprot_id
DBD_MU_GM10139	dbd_no_identifier	DBD entry has neither jaspar_id nor uniprot_id
DBD_MU_ZFP607A	dbd_no_identifier	DBD entry has neither jaspar_id nor uniprot_id
DBD_MU_GM49345	dbd_no_identifier	DBD entry has neither jaspar_id nor uniprot_id
DBD_MU_GM21060	dbd_no_identifier	DBD entry has neither jaspar_id nor uniprot_id
DBD_MU_ZSCAN5B	dbd_no_identifier	DBD entry has neither jaspar_id nor uniprot_id
DBD_MU_RHOX2A	dbd_no_identifier	DBD entry has neither jaspar_id nor uniprot_id
DBD_MU_ZFP799	dbd_no_identifier	DBD entry has neither jaspar_id nor uniprot_id
DBD_MU_GM28168	dbd_no_identifier	DBD entry has neither jaspar_id nor uniprot_id
DBD_MU_GM21411	dbd_no_identifier	DBD entry has neither jaspar_id nor uniprot_id
DBD_MU_ZFP950	dbd_no_identifier	DBD entry has neither jaspar_id nor uniprot_id
DBD_MU_ZFP213	dbd_no_identifier	DBD entry has neither jaspar_id nor uniprot_id
DBD_MU_ZFP345	dbd_no_identifier	DBD entry has neither jaspar_id nor uniprot_id
DBD_MU_ZFP967	dbd_no_identifier	DBD entry has neither jaspar_id nor uniprot_id
DBD_MU_ZFP735	dbd_no_identifier	DBD entry has neither jaspar_id nor uniprot_id
DBD_MU_ZFP189	dbd_no_identifier	DBD entry has neither jaspar_id nor uniprot_id
DBD_MU_ZFP108	dbd_no_identifier	DBD entry has neither jaspar_id nor uniprot_id
DBD_MU_NFXL1	dbd_no_identifier	DBD entry has neither jaspar_id nor uniprot_id
DBD_MU_GM6020	dbd_no_identifier	DBD entry has neither jaspar_id nor uniprot_id
DBD_MU_ZFP251	dbd_no_identifier	DBD entry has neither jaspar_id nor uniprot_id
DBD_MU_GM3604	dbd_no_identifier	DBD entry has neither jaspar_id nor uniprot_id
DBD_MU_ZFP85	dbd_no_identifier	DBD entry has neither jaspar_id nor uniprot_id
DBD_MU_ZBTB37	dbd_no_identifier	DBD entry has neither jaspar_id nor uniprot_id
DBD_MU_ZFP101	dbd_no_identifier	DBD entry has neither jaspar_id nor uniprot_id
DBD_MU_GM44505	dbd_no_identifier	DBD entry has neither jaspar_id nor uniprot_id
DBD_MU_2210418O10RIK	dbd_no_identifier	DBD entry has neither jaspar_id nor uniprot_id
DBD_MU_E430018J23RIK	dbd_no_identifier	DBD entry has neither jaspar_id nor uniprot_id
DBD_MU_ZFP944	dbd_no_identifier	DBD entry has neither jaspar_id nor uniprot_id
DBD_MU_GM14308	dbd_no_identifier	DBD entry has neither jaspar_id nor uniprot_id
DBD_MU_ZSCAN4-PS2	dbd_no_identifier	DBD entry has neither jaspar_id nor uniprot_id
DBD_MU_ZFP658	dbd_no_identifier	DBD entry has neither jaspar_id nor uniprot_id
DBD_MU_RHOX3A2	dbd_no_identifier	DBD entry has neither jaspar_id nor uniprot_id
DBD_MU_RHOX4E	dbd_no_identifier	DBD entry has neither jaspar_id nor uniprot_id
DBD_MU_ZFP956	dbd_no_identifier	DBD entry has neither jaspar_id nor uniprot_id
DBD_MU_ZFP677	dbd_no_identifier	DBD entry has neither jaspar_id nor uniprot_id
DBD_MU_RHOX8	dbd_no_identifier	DBD entry has neither jaspar_id nor uniprot_id
DBD_MU_ZKSCAN7	dbd_no_identifier	DBD entry has neither jaspar_id nor uniprot_id
DBD_MU_ZFP235	dbd_no_identifier	DBD entry has neither jaspar_id nor uniprot_id
DBD_MU_ZFP937	dbd_no_identifier	DBD entry has neither jaspar_id nor uniprot_id
DBD_MU_ZFP61	dbd_no_identifier	DBD entry has neither jaspar_id nor uniprot_id
DBD_MU_GM14406	dbd_no_identifier	DBD entry has neither jaspar_id nor uniprot_id
DBD_MU_GM6710	dbd_no_identifier	DBD entry has neither jaspar_id nor uniprot_id
DBD_MU_ZFP407	dbd_no_identifier	DBD entry has neither jaspar_id nor uniprot_id
DBD_MU_ZFP712	dbd_no_identifier	DBD entry has neither jaspar_id nor uniprot_id
DBD_MU_ZFP991	dbd_no_identifier	DBD entry has neither jaspar_id nor uniprot_id
DBD_MU_ZFP758	dbd_no_identifier	DBD entry has neither jaspar_id nor uniprot_id
DBD_MU_ZFP395	dbd_no_identifier	DBD entry has neither jaspar_id nor uniprot_id
DBD_MU_CIZ1	dbd_no_identifier	DBD entry has neither jaspar_id nor uniprot_id
DBD_MU_MIDEAS	dbd_no_identifier	DBD entry has neither jaspar_id nor uniprot_id
DBD_MU_ZFP280B	dbd_no_identifier	DBD entry has neither jaspar_id nor uniprot_id
DBD_MU_D630045J12RIK	dbd_no_identifier	DBD entry has neither jaspar_id nor uniprot_id
