,GeneName,uniprotID,ProteinRegionSeq,Start,End
0,>sp|Q8N587|ZN561_HUMAN,Q8N587,VEDYLASGYQDSVTFDDVAVDFTPEEWALLDTTEKYLYRD,28.0,68.0
1,>sp|Q9H2A3|NGN2_HUMAN,Q9H2A3,ETLELKEEEDVLVLLGSASPALAALTPLSSSADEEEEEEPG,5.0,46.0
2,>sp|Q9Y5A6|ZSC21_HUMAN,Q9Y5A6,LELLVLEQFLTILPQELQAWVQEHCPESAEEAVTLLEDLERELDEPG,84.0,131.0
3,>sp|Q9UID6|ZN639_HUMAN,Q9UID6,DVQFSSSSELYLHFQEHSCDEQYLCQFCEHETNDPEDLH,294.0,333.0
4,>sp|Q96MU6|ZN778_HUMAN,Q96MU6,QDAVTFDDVAVDFTQEEWTLLDPSQRDLYRDVMLENYENLASVEW,38.0,83.0
5,>sp|Q8IWI9|MGAP_HUMAN,Q8IWI9,VTSAIEEAALDSSELLTNMEDEDDTDETLTSLLNEIAFLNQQLNDDSVGLAELPSSMDTEFPGDARRAFISKVPPGSRATFQVEHLGTGLKELPDVQGESDSISPLLLHLEDDDFSENEKQLAEPASEPD,2794.0,2924.0
6,>sp|P54274|TERF1_HUMAN,P54274,LECQVQVGAPEEEEEEEEDAGLVAEAEAVAAGWMLDFLCLSLCRAFRDG,44.0,93.0
7,>sp|P04150|GCR_HUMAN,P04150,TNESPWRSDLLIDENCLLSPLAGEDDSFLLEGNSNEDCKPLILPDT,207.0,253.0
8,>sp|O00409|FOXN3_HUMAN,O00409,SQCYGGSGFSKALQEDDDLDFSLPDIRLEEGAMEDEELTNLNWLHESKNLLKSF,22.0,76.0
9,>sp|Q5TGY3|AHDC1_HUMAN,Q5TGY3,EPEPDSTDYSELADADILSELASLTCPEAQLLEAQALEP,227.0,266.0
10,>sp|A6NFI3|ZN316_HUMAN,A6NFI3,PRDEDLEEEEEEEEDEDEDDLLTAGCQELVTFEDVAVYFSLEEWERLEADQRGLYQE,128.0,185.0
11,>sp|A6NFI3|ZN316_HUMAN,A6NFI3,TGVYTGAWFWTDDIEDHEEEDDEDFLAEVAEEENEPPGLWSAAYGVG,230.0,277.0
12,>sp|Q9BYE7|PCGF6_HUMAN,Q9BYE7,SLGRFRGRFEDEDEELEEEEELEEEEEEEEEDMSHFSLRLEGGRQDSEDEEERLINLSELTPYIL,68.0,133.0
13,>sp|P01100|FOS_HUMAN,P01100,DLGFPEEMSVASLDLTGGLPEVATPESEEAFTLPLLND,208.0,246.0
14,>sp|P78545|ELF3_HUMAN,P78545,DELSWIIELLEKDGMAFQEALDPGPFDQGSPFAQELLDDG,133.0,173.0
15,>sp|Q9H582|ZN644_HUMAN,Q9H582,SYETEDESSWDNVELGDYTTQAIEDETYSDINQEHVNLFPLFKSKVEGQEPGENATLSYDQNDGFYFEYYEDTGSNNFLHEIHDPQHLETADASLS,851.0,947.0
16,>sp|P98177|FOXO4_HUMAN,P98177,SQDRMPQDLDLDMYMENLECDMDNIISDLMDEGEGLDFNFEPDP,461.0,505.0
17,>sp|Q96S65|CSRN1_HUMAN,Q96S65,QPGVDDDSLARILSFSDSDFGGEEEEEEEGSVGNLDNLSCFHPADIFGTSD,382.0,433.0
18,>sp|P43268|ETV4_HUMAN,P43268,MDPGSLPPLDSEDLFQDLSHFQETWLAEAQVPDSDEQFVPDFHSENLAFHS,39.0,90.0
19,>sp|Q6ZV50|RFX8_HUMAN,Q6ZV50,TLCHRDSFGSWHLFHLLLLEYMIHILQSCLEEEEEEEDMGTVKEMLPDDPTLGQPD,414.0,470.0
20,>sp|Q7RTS3|PTF1A_HUMAN,Q7RTS3,DAVLLEHFPGGLDAFPSSYFDEDDFFTDQSSRDPLEDGDELLADEQAEVEFLSHQLHEYCYRDGACLLLQPAPP,1.0,75.0
21,>sp|Q96QS3|ARX_HUMAN,Q96QS3,GTEDDEEELLEDEEDEDEEEELLEDDEEELLEDDARALLKEPRRCPVA,221.0,269.0
22,>sp|P01106|MYC_HUMAN,P01106,YDLDYDSVQPYFYCDEEENFYQQQQQSELQPPAPSEDIW,11.0,50.0
23,>sp|O15060|ZBT39_HUMAN,O15060,SCLSNSEHSKDPGFGQMDELQLEDLGDDDLQFEDPAEDIGTTEEVIELSDDSEDELAFGE,274.0,334.0
24,>sp|Q9UIF9|BAZ2A_HUMAN,Q9UIF9,PDQLEDTPILSEDSLEPFNSLAPEPVSGGLYGIDDTEL,284.0,322.0
25,>sp|P19838|NFKB1_HUMAN,P19838,PLVENFEPLYDLDDSWENAGEDEGVVPGTTPLDMATSWQVFDIL,744.0,788.0
26,>sp|Q9Y2N7|HIF3A_HUMAN,Q9Y2N7,FTSGKDTEAVETDLDIAQDADALDLEMLAPYISMDDDFQLNASEQLP,462.0,509.0
27,>sp|Q05516|ZBT16_HUMAN,Q05516,FQQILEYAYTATLQAKAEDLDDLLYAAEILEIEYLEEQCLKMLETIQASDDNDTEATMAD,79.0,139.0
28,>sp|P18848|ATF4_HUMAN,P18848,MTEMSFLSSEVLVGDLMSPFDQSGLGAEESLGLLDDYLEVAKHFKPHGFSSDKAKAGSSEWLAVDGLVSPSNNSKEDAFSGTDWMLEKMDLKEFDLDALLGIDDLETMPDDLLTTLDDTCDLFAPLVQETNKQP,0.0,134.0
29,>sp|Q9P0U4|CXXC1_HUMAN,Q9P0U4,PPEATATPEPLSDEDLPLDPDLYQDFCAGAFDDHGLPWMSDTEESPFLDPALR,268.0,321.0
30,>sp|Q9NRM2|ZN277_HUMAN,Q9NRM2,NREYDRFYVINYLELGKSWEEVQLEDDRELLDHQEDDWSDWEEHPASAVCLFCEKQAETIE,254.0,315.0
31,>sp|Q9NRM2|ZN277_HUMAN,Q9NRM2,TWDQLEYYFPTYENDTLLCTLSDSESDLTAQEQNENVPIISED,389.0,432.0
32,>sp|Q96LU7|MRFL_HUMAN,Q96LU7,GENEALQQFFEAQGANGTLENPALDTSLLEEFLGNDFDLG,4.0,44.0
33,>sp|Q01094|E2F1_HUMAN,Q01094,ADSLLEHVREDFSGLLPEEFISLSPPHEALDYHFGLEEGEGIRDLFDCDFGDLTPLDF,379.0,437.0
34,>sp|P35716|SOX11_HUMAN,P35716,LVDKDLDSFSEGSLGSHFEFPDYCTPELSEMIAGDWLEANFSDLV,393.0,438.0
35,>sp|P78413|IRX4_HUMAN,P78413,KEEKELELSDLDDFDPLEAEPPACELKPPFHSLDGGLERV,249.0,289.0
36,>sp|Q3SY52|ZIK1_HUMAN,Q3SY52,DEWGLLDEAQRLLYLEVMLENFALVASLGCGHGTEDEET,38.0,77.0
37,>sp|Q14209|E2F2_HUMAN,Q14209,CSSPLISFSPSLDQDDYLWGLEAGEGISDLFDSYDLGDLLIN,395.0,437.0
38,>sp|Q9H175|CSRN2_HUMAN,Q9H175,TKNGTVESVEADGLTLDDVSDEDIDVENVEVDDYFFLQPLPTK,138.0,181.0
39,>sp|O43524|FOXO3_HUMAN,O43524,KFPSDLDLDMFNGSLECDMESIIRSELMDADGLDFNFDSLIST,605.0,648.0
40,>sp|Q15911|ZFHX3_HUMAN,Q15911,LYGGLLANGDLLAMGDPTLAEDHTIIVEEDKEEESDLED,1462.0,1501.0
41,>sp|O15353|FOXN1_HUMAN,O15353,MHDTLLPDGDLGTDLDAINPSLTDFDFQGNLWEQLKDDSLALDPLV,514.0,560.0
42,>sp|Q96JG9|ZN469_HUMAN,Q96JG9,GPARLPTDLSDSSSLCLCHEDPWEDEDPAGLPESFLLDGFLNSRVP,2875.0,2921.0
43,>sp|Q9NS37|ZHANG_HUMAN,Q9NS37,VRAPSPEEMEEEAIASLPGEETEDMDFLSGLELADLLDPRQPDWHLDPGLSSPGPLSS,74.0,132.0
44,>sp|Q9NQX1|PRDM5_HUMAN,Q9NQX1,NLAAIQEGENIFYLAVEDIETDTELLIGYLDSDMEAEEEEQQIMTVIKEG,94.0,144.0
45,>sp|Q13398|ZN211_HUMAN,Q13398,PASGSVTFEDVAVYFSWEEWDLLDEAQKHLYFDVMLENFALTSSLGCWCGVEHEET,27.0,83.0
46,>sp|Q8IX15|HOMEZ_HUMAN,Q8IX15,RLSTQQVLDWFDSRLPQPAEVVVCLDEEEEEEEEELPEDD,488.0,528.0
47,>sp|Q15329|E2F5_HUMAN,Q15329,IIDELMSSDVFPLLRLSPTPADDYNFNLDDNEGVCDLFDVQ,301.0,342.0
48,>sp|Q6ZRS2|SRCAP_HUMAN,Q6ZRS2,EDTIAAEEQLEGEVDHAMELSELAREGELSMEELLQQYAGAYAPGSGSSEDEDEDEVD,413.0,471.0
49,>sp|P78415|IRX3_HUMAN,P78415,LADDDEDEEIDLENLDGAATEPELSLAGAARRDGDLGLG,244.0,283.0
50,>sp|Q6NT04|TIGD7_HUMAN,Q6NT04,PEYDFQGLEHGDYREILEKCGELETKLDDDRVWLNGDEE,407.0,446.0
51,>sp|Q6ZSZ6|TSH1_HUMAN,Q6ZSZ6,ESEDSLEKFEPSTLYPYLREEDLDDSPKGGLDILKSLE,518.0,556.0
52,>sp|O60678|ANM3_HUMAN,O60678,VEYMNSIYNPVPWEKEEYLKPVLEDDLLLQFDVEDLYEPVSVPFSYPNGLSENT,102.0,156.0
53,>sp|Q8NEP9|ZN555_HUMAN,Q8NEP9,DVAVDFTLEEWALLDSAQRDLYRDVMLETFQNLASVDDE,7.0,46.0
54,>sp|Q92949|FOXJ1_HUMAN,Q92949,LPTPEEQGELEPLKGNFDWEAIFDAGTLGGELGALEALELSPPLSPASHVDVDLTIHGRHIDCPATWGPSVEQAADSLDFDETFLATSFLQHPWDESGSGCLPPEPLFEAGDAT,292.0,406.0
55,>sp|P18850|ATF6A_HUMAN,P18850,TMESPFSPGLFHRLDEDWDSALFAELGYFTDTDELQLEAANETYENNFDNLDFDLDLMPWESDIWDINNQICTV,9.0,83.0
56,>sp|O15156|ZBT7B_HUMAN,O15156,GPQSYEPYEGEEEEEELVYPPAYGLAQGGGPPLSPEELGSDEDAIDPDLM,265.0,315.0
57,>sp|Q2KHR2|RFX7_HUMAN,Q2KHR2,QLPLQSELKEFEPSVSQTNESYFPFDDELTQDSIVEELVLME,756.0,798.0
58,>sp|Q9BVI0|PHF20_HUMAN,Q9BVI0,VKALEEDNLSESSSESFLWSDDEYGQDVDVTTNPDEELDGDDRYDFEVVRCICEV,604.0,659.0
59,>sp|Q9BVI0|PHF20_HUMAN,Q9BVI0,FNLLTHVESLQDEVTHRMDSIEKELDVLESWLDYTGELE,939.0,978.0
60,>sp|Q8WW38|FOG2_HUMAN,Q8WW38,ECPSEETDIISKGDFPLEESFSTEFGPENLSCEEVEYFCNKGDDEGIQETAE,25.0,77.0
61,>sp|P49910|ZN165_HUMAN,P49910,LELLVLEQFLTILPGDLQAWVHEHYPESGEEAVTILEDLE,88.0,128.0
62,>sp|P17014|ZNF12_HUMAN,P17014,KLEQGEEPWIVEGEFLLQSYPDEVWQTDDLIERIQEEENK,58.0,98.0
63,>sp|Q8N8E2|ZN513_HUMAN,Q8N8E2,VKCEGVKVDTEDSLDEGPGALVLESDLLLGQDLEFEEEEEEEEGDGNSDQLMGFERDSEGDSLGARPGLPYGL,11.0,84.0
64,>sp|Q96HQ0|ZN419_HUMAN,Q96HQ0,PAQVPVAADLLTDHEEGYVTFEDVAVYFSQEEWRLLDD,8.0,46.0
65,>sp|Q03701|CEBPZ_HUMAN,Q03701,AVEDPDEEDEDNTSEAENGFSLEEVLRLGGTKQDYLMLATLDENEE,20.0,66.0
66,>sp|Q13129|RLF_HUMAN,Q13129,CHQLLGQEASDSDDDLSGYEMSINDTDVLESFLSDYDEGKEDKQY,478.0,523.0
67,>sp|P04198|MYCN_HUMAN,P04198,PDLEFDSLQPCFYPDEDDFYFGGPDSTPPGEDIWKKFELL,16.0,56.0
68,>sp|Q9UMN6|KMT2B_HUMAN,Q9UMN6,PPEDLGPDFEDMEVVSGLSAADLDFAASLLGTEPFQEEIVA,1968.0,2009.0
69,>sp|Q12772|SRBP2_HUMAN,Q12772,DDSGELGGLETMETLTELGDELTLGDIDEMLQFVSNQVGEFPDLFSEQLCSSFPG,1.0,56.0
70,>sp|Q96BA8|CR3L1_HUMAN,Q96BA8,RLFPGSSFLDLGDLNESDFLNNAHFPEHLDHFTENMEDFSNDLFSSFFDDPVLDEKSPLLDMELDSPTPGIQAEH,11.0,86.0
71,>sp|Q9UIH9|KLF15_HUMAN,Q9UIH9,EHFCLPEFPLGDPDDVPRPFQPTLEEIEEFLEENMEPGV,117.0,156.0
72,>sp|Q96PN7|TREF1_HUMAN,Q96PN7,KDVDILDDDVVQQLGGVMEEAEVVDTDLLLDDQDSVLLQGDAEL,1156.0,1200.0
73,>sp|Q9Y330|ZBT12_HUMAN,Q9Y330,PPPPPLPPPLLRPVKLEFPLDEDLELKAEEEDEDEDEDVSDICIVKVE,166.0,214.0
74,>sp|Q8IY51|TIGD4_HUMAN,Q8IY51,NAEKDTGLDLVADALGAGVEFPEGLSIEEYAALDDDLETCEAAPNGD,390.0,437.0
75,>sp|O75461|E2F6_HUMAN,O75461,QEELSDLSAMEDALDELIKDCAQQLFELTDDKENERLAYV,143.0,183.0
76,>sp|Q6P1N0|C2D1A_HUMAN,Q6P1N0,GLLVDLSPDGLMIPEDGANDEELEAEFLALVGGQPPALE,21.0,60.0
77,>sp|Q7Z3V5|ZN571_HUMAN,Q7Z3V5,VAIDFSQEEWECLDPAQRDLYRDVMLENYSNLISLDLE,10.0,48.0
78,>sp|P41161|ETV5_HUMAN,P41161,RKFLDTDLAHDSEELFQDLSQLQEAWLAEAQVPDDEQFVPDFQSDNLVLHAP,31.0,83.0
79,>sp|P41161|ETV5_HUMAN,P41161,ESECHLSEEDTLPLTHFEDSPAYLLDMDRCSSLPYAEGF,469.0,508.0
80,>sp|Q8IWY8|ZSC29_HUMAN,Q8IWY8,LLVLEQFLTVLPGEIQNWVQEQCPENGEEAVTLVEDLE,59.0,97.0
81,>sp|Q8WTR7|ZN473_HUMAN,Q8WTR7,MAEEFVTLKDVGMDFTLGDWEQLGLEQGDTFWDTALDNCQDLFLLDPPRPNLTSHPDGSEDLEPLAGGSPEATSPDVTETKNSPLMEDFFEEGFSQEIIEMLSKDGFWNSNFGEACIEDTWLDSLLGD,0.0,128.0
82,>sp|O00716|E2F3_HUMAN,O00716,QTEDQIPSNLEGPFVNLLPPLLQEDYLLSLGEEEGISDLFDAYDLEKLPLVEDFMCS,408.0,465.0
83,>sp|Q8IZM8|ZN654_HUMAN,Q8IZM8,GSPNNSLNNVFKPLTECGDDYEEEEDEEGDYEEDDYDLNQETSVI,132.0,177.0
84,>sp|Q14872|MTF1_HUMAN,Q14872,TVLIEQDPGTLEDEDDDGQCGEHLPFLVGGEEGFHLIDHEA,47.0,88.0
85,>sp|Q6R2W3|SCND3_HUMAN,Q6R2W3,LELLVLEQFLTILPEELQSWVREHNPESGEEVVTLLEDLERELDEP,91.0,137.0
86,>sp|Q6P280|ZN529_HUMAN,Q6P280,PEVEFPDQFFTVLTMDHELVTLRDVVINFSQEEWEYLDSA,19.0,59.0
87,>sp|Q8IUX7|AEBP1_HUMAN,Q8IUX7,LALLALCPGGRPQTVLTDDEIEEFLEGFLSELEPEPREDDVE,13.0,55.0
88,>sp|Q8IUX7|AEBP1_HUMAN,Q8IUX7,PSLNPDGYEVAAQMGSEFGNWALGLWTEEGFDIFEDFPDLNSVLWGAEE,665.0,714.0
89,>sp|Q8IUX7|AEBP1_HUMAN,Q8IUX7,ETYTEVVTEFGTEVEPEFGTKVEPEFETQLEPEFETQLEPEFEEEEEEEKEEEIATGQAFPFTTVETYTVNFGDF,1083.0,1158.0
90,>sp|P0CG23|ZN853_HUMAN,P0CG23,LQQQQEQLQQQQLQPPPLEPEEEEEVELELMPVDLGSEQELEQQRQELERQQELER,294.0,350.0
91,>sp|Q8WY36|BBX_HUMAN,Q8WY36,CLQWHPLLAKKLLDFSEEEEEEDEEEDIDKVQLLGADGLEQDVGET,24.0,70.0
92,>sp|Q9ULD5|ZN777_HUMAN,Q9ULD5,EEQDEEEEEEEEDELPQHLQSLGQLSGRYEASMYQTPLPGEM,453.0,495.0
93,>sp|Q86UP3|ZFHX4_HUMAN,Q86UP3,EPTEPGDEDEEDAYSNELDDEEVLGELTDSIGNKDFPLLNQSISPLS,464.0,511.0
94,>sp|Q86UP3|ZFHX4_HUMAN,Q86UP3,ELSEAELQQLYASLPVNGELWAESETMSQDDHGLEQEME,1404.0,1443.0
95,>sp|Q9H0D2|ZN541_HUMAN,Q9H0D2,VLEDNLDTLSLYSGKDSDSVKLLEEYADSESQASLQDL,66.0,104.0
96,>sp|Q8NFU7|TET1_HUMAN,Q8NFU7,EADEPPSDEPLSDDPLSPAEEKLPHIDEYWSDSEHIFLDAN,1964.0,2005.0
97,>sp|Q00613|HSF1_HUMAN,Q00613,PLFLLDPGSVDTGSNDLPVLFELGEGSYFSEGDGFAEDPTI,471.0,512.0
98,>sp|Q8N7M2|ZN283_HUMAN,Q8N7M2,VAIDFSQEEWECLDPAQRDLYVDVMLENYSNLVSLDLES,77.0,116.0
99,>sp|Q9ULJ3|ZBT21_HUMAN,Q9ULJ3,EHGSPVSEDNFEEGSSPTLLDADFPDSDLNKDEFGELEG,500.0,539.0
100,>sp|Q15776|ZKSC8_HUMAN,Q15776,LELLVLEQFLTILPEELQTLVKEHQLENGEEVVTLLEDLERQID,90.0,134.0
101,>sp|O43309|ZSC12_HUMAN,O43309,QILELLVLEQFLTILPEELQAWVQEQHPESGEEVVTVLEDLERELDEPGE,83.0,133.0
102,>sp|Q7Z7K2|ZN467_HUMAN,Q7Z7K2,DEDQEAEEEVEWPQHLSLLPSPFPAPDLGHLAAAYKLE,99.0,137.0
103,>sp|Q9BQA5|HINFP_HUMAN,Q9BQA5,EKFFEHVTQHLQQHLHGSGEEEEEEEEDDPLEEEFSCLWQECGFCSLDSSADLIRHVYFHCYHT,29.0,93.0
104,>sp|P17947|SPI1_HUMAN,P17947,YYPYLSSDGESHSDHYWDFHPHHVHSEFESFAENNFTE,34.0,72.0
105,>sp|O60304|ZN500_HUMAN,O60304,PGLQPLPTLEQDLEQEEILIVKVEEDFCLEEEPSVETEDPSPETFRQLF,4.0,53.0
106,>sp|Q9UC06|ZNF70_HUMAN,Q9UC06,FPGEDLGDPFLQERGLEQMAVIYKEIPLGEQDEENDDYEGNF,25.0,67.0
107,>sp|Q16665|HIF1A_HUMAN,Q16665,ELVEKLFAEDTEAKNPFSTQDTDLDLEMLAPYIPMDDDF,533.0,572.0
108,>sp|A8MYZ6|FOXO6_HUMAN,A8MYZ6,APDRFPADLDLDMFSGSLECDVESIILNDFMDSDEMDFNFDSALPPPP,428.0,476.0
109,>sp|Q9UGL1|KDM5B_HUMAN,Q9UGL1,EDFQQHSQKLLSEETPSAAELQDLLDVSFEFDVELPQLAE,869.0,909.0
110,>sp|Q15047|SETB1_HUMAN,Q15047,LTDDFADKEGLEMGDEYFANLDHIESVENFKEGYESDAP,836.0,875.0
111,>sp|P19532|TFE3_HUMAN,P19532,QPPAPPSDALLDLHFPSDHLGDLGDPFHLGLEDILMEEEEGVVGGLSGGAL,490.0,541.0
112,>sp|O95785|WIZ_HUMAN,O95785,GPYLCELLEEVAEGVASPDEDEDEEPAVFPCIECSIYF,238.0,276.0
113,>sp|P36956|SRBP1_HUMAN,P36956,EPPFSEAALEQALGEPCDLDAALLTDIEDMLQLINNQDSDFPGLFDPPYAG,2.0,53.0
114,>sp|Q96MM3|ZFP42_HUMAN,Q96MM3,QALGGDDFSDCYIECVIRGEFSQPILEEDSLFESLEYL,60.0,98.0
115,>sp|O15391|TYY2_HUMAN,O15391,GDHDQEMLMLQTQEEVVGYCDSDNQLGNDLEDQLALPDSIEDEHFQMTLASL,71.0,123.0
116,>sp|Q96MW7|TIGD1_HUMAN,Q96MW7,IDDYEGFKTSVEEVSADVVEIAKELELEVEPEDVTELLQSHDKTLTDEELFLMDAQRKWFLEMES,410.0,475.0
117,>sp|Q8NCP5|ZBT44_HUMAN,Q8NCP5,LNHEASELANYFQSSDFLVPDYLNQEQEETLVQYDLGEHGFESNS,508.0,553.0
118,>sp|Q9Y4A8|NF2L3_HUMAN,Q9Y4A8,LTSQDLLYDLDINIFDEINLMSLATEDNFDPIDVSQLFDEPDSDSGLSLDSSH,374.0,427.0
119,>sp|Q86W11|ZSC30_HUMAN,Q86W11,LLMLEQFLAILPEELQAWLREHRPENGEEAVTMLEELEKELEE,89.0,132.0
120,>sp|Q9UBX2|DUX4_HUMAN,Q9UBX2,ALPCGLLLDELLASPEFLQQAQPLLETEAPGELEASEEAASLEAPLSEEEYRALLEEL,366.0,424.0
121,>sp|Q8IUM7|NPAS4_HUMAN,Q8IUM7,SLDLKPWKCQELDFLADPDNMFLEETPVEDIFMDLSTPDPSEEWGSGDPEAEGPGGAPSPCNNLSPEDHSFLEDLATYETAFETGVSAFPYDGFTDELHQLQSQV,682.0,787.0
122,>sp|Q06945|SOX4_HUMAN,Q06945,SSDDEFEDDLLDLNPSSNFESMSLGSFSSSSALDRDLDFNFEP,395.0,438.0
123,>sp|Q7Z340|ZN551_HUMAN,Q7Z340,SAQGMTFEDVAIYFSQEEWELLDESQRFLYCDVMLENF,24.0,62.0
124,>sp|Q96AP4|ZUP1_HUMAN,Q96AP4,LDIPLEDCDQPLYDCPMCGLICTNYHILQEHVDLHLEE,180.0,218.0
125,>sp|P52630|STAT2_HUMAN,P52630,SNRQVDELQQPLELKPEPELESLELELGLVPEPELSLDLEPLLKAGLDLGPELESVLESTLEPVIEPTLC,698.0,768.0
126,>sp|P11473|VDR_HUMAN,P11473,MMDSSSFSNLDLSEEDSDDPSVTLELSQLSMLPHLADLVSY,195.0,236.0
127,>sp|Q04206|TF65_HUMAN,Q04206,EGTLSEALLQLQFDDEDLGALLGNSTDPAVFTDLASVDNSEFQQ,432.0,476.0
128,>sp|P15172|MYOD1_HUMAN,P15172,LLSPPLRDVDLTAPDGSLCSFATTDDFYDDPCFDSPDLRFFEDLDPRL,2.0,50.0
129,>sp|Q9Y4E5|ZN451_HUMAN,Q9Y4E5,NDLSYQNIEEEIVELPDLDYLRTMTHIVFVDFDNWSNF,861.0,899.0
130,>sp|Q96LW9|ZSC31_HUMAN,Q96LW9,ELLVLEQFLTILPEELQAWVREHHPESGEEAVAVVEDLE,79.0,118.0
131,>sp|Q8NF99|ZN397_HUMAN,Q8NF99,LELLVLEQFLSILPEELQIWVQQHNPESGEEAVTLLEDLEREFDDPG,89.0,136.0
132,>sp|Q14494|NF2L1_HUMAN,Q14494,ELPDPLGGLLDEAMLDEISLMDLAIEEGFNPVQASQLEEEFDSDSGLSLDSSH,432.0,485.0
133,>sp|Q99607|ELF4_HUMAN,Q99607,MDDDIHQLEDPSVFPAVIVEQVPYPDLLHLYSGLELDDVH,18.0,58.0
134,>sp|Q8WYN3|CSRN3_HUMAN,Q8WYN3,TKNGTVESEEASTLTLDDISDDDIDLDNTEVDEYFFLQPLPTKK,137.0,181.0
135,>sp|O43889|CREB3_HUMAN,O43889,ELELDAGDQDLLAFLLEESGDLGTAPDEAVRAPLDWALPLSEVPSDWEVDDLLC,1.0,55.0
136,>sp|Q8WYA1|BMAL2_HUMAN,Q8WYA1,EPLLSDGAQLDFDALCDNDDTAMAAFMNYLEAEGGLGDPGDFSDIQWTL,587.0,636.0
137,>sp|P50549|ETV1_HUMAN,P50549,RDLAHDSEELFQDLSQLQETWLAEAQVPDNDEQFVPDYQAESLAFHG,36.0,83.0
138,>sp|Q86UZ6|ZBT46_HUMAN,Q86UZ6,PEALFPGDGPYLEDPEDPRGEAEELGEDDEGLAPEDALLADDK,523.0,566.0
139,>sp|Q16254|E2F4_HUMAN,Q16254,LLEELMSSEVFAPLLRLSPPPGDHDYIYNLDESEGVCDLFD,366.0,407.0
140,>sp|Q15596|NCOA2_HUMAN,Q15596,TEKEEMSFEPGDQPGSELDNLEEILDDLQNSQLPQLFPDT,785.0,825.0
141,>sp|Q15596|NCOA2_HUMAN,Q15596,SPDDLLCPHPAAESPSDEGALLDQLYLALRNFDGLEEID,1058.0,1097.0
142,>sp|P35638|DDIT3_HUMAN,P35638,SFGTLSSWELEAWYEDLQEVLSSDENGGTYVSPPGNEEEES,8.0,49.0
143,>sp|O96006|ZBED1_HUMAN,O96006,DEQVFLYENARSGAEAEPEDQDEGEWGLDQEQVFSLGDG,641.0,680.0
